Dataset,Fliq,Standard Library
100,7.690105121582747e-05,4.751293454319239e-05
10000,0.006777985021471977,0.0070988519582897425
1000000,2.259083335986361,2.16295364999678
