Dataset,Fliq,Standard Library
100,0.0001746190246194601,0.00012481305748224258
10000,0.013824902009218931,0.01144179399125278
1000000,2.3238313579931855,2.4337173900566995
