Dataset,Fliq,Standard Library
100,3.995699808001518e-05,2.1458996343426406e-05
10000,0.0033058519984479062,0.002781274997687433
1000000,0.7444926739990478,0.745771223999327
